container_duration_s,creation_time,cv2_fps,cv2_frame_count,cv2_height,cv2_width,ffprobe_avg_frame_rate,ffprobe_duration_s,ffprobe_height,ffprobe_nb_frames,ffprobe_r_frame_rate,ffprobe_width,file_size_bytes,video
19.24,,25.0,481,1080,1920,25.0,19.24,1080,481,25.0,1920,48488293,gopro_000
19.24,,25.0,481,1080,1920,25.0,19.24,1080,481,25.0,1920,48430909,gopro_001
10.644,,29.969966552877487,319,1080,1920,29.969966552877487,10.643989,1080,319,29.971,1920,26792041,gopro_002
18.519,,29.970837995470294,555,1080,1920,29.970837995470294,18.518001,1080,555,29.971,1920,46262601,gopro_003
25.058,,29.97048120338796,751,1080,1920,29.97048120338796,25.057989,1080,751,29.971,1920,62835805,gopro_004
27.06,,29.970445676097235,811,1080,1920,29.970445676097235,27.059991,1080,811,29.971,1920,67896881,gopro_005
45.078,,29.970933447224024,1351,1080,1920,29.970933447224024,45.077008,1080,1351,29.971,1920,113258193,gopro_006
116.147,,29.970896681769556,3481,1080,1920,29.970896681769556,116.146008,1080,3481,29.971,1920,290427505,gopro_007
33.066,,29.970364906495423,991,1080,1920,29.970364906495423,33.065997,1080,991,29.971,1920,82956773,gopro_008
